,open_time,open,high,low,close
0,1726015200000,0.2793,0.2798,0.2793,0.2794
1,1726015500000,0.2793,0.2802,0.2793,0.2799
2,1726015800000,0.2798,0.2799,0.2792,0.2794
3,1726016100000,0.2793,0.28,0.2792,0.2797
4,1726016400000,0.2796,0.2796,0.2783,0.2785
5,1726016700000,0.2784,0.2789,0.2782,0.2785
6,1726017000000,0.2785,0.2795,0.2785,0.2793
7,1726017300000,0.2793,0.2793,0.2781,0.2788
8,1726017600000,0.2787,0.2788,0.2766,0.2768
9,1726017900000,0.2767,0.2767,0.2761,0.2764
10,1726018200000,0.2763,0.2765,0.2726,0.2734
11,1726018500000,0.2733,0.2755,0.273,0.2753
12,1726018800000,0.2755,0.2763,0.2753,0.2757
13,1726019100000,0.2757,0.2768,0.2751,0.2753
14,1726019400000,0.2754,0.2756,0.2748,0.2751
15,1726019700000,0.275,0.2753,0.2733,0.2735
16,1726020000000,0.2735,0.2753,0.2732,0.2752
17,1726020300000,0.2753,0.2755,0.275,0.2751
18,1726020600000,0.2752,0.2754,0.2737,0.2751
19,1726020900000,0.2751,0.2756,0.2747,0.2751
20,1726021200000,0.2751,0.2753,0.2747,0.2748
21,1726021500000,0.2747,0.2753,0.2746,0.275
22,1726021800000,0.2751,0.2754,0.2736,0.274
23,1726022100000,0.2741,0.2749,0.2739,0.2749
24,1726022400000,0.2748,0.2756,0.2745,0.2751
25,1726022700000,0.2752,0.2754,0.2746,0.2746
26,1726023000000,0.2747,0.2749,0.2746,0.2747
27,1726023300000,0.2747,0.2749,0.2744,0.2744
28,1726023600000,0.2743,0.2748,0.2737,0.2738
29,1726023900000,0.2737,0.2738,0.2728,0.2728
30,1726024200000,0.2728,0.274,0.2728,0.2738
31,1726024500000,0.2738,0.2738,0.2731,0.2733
32,1726024800000,0.2733,0.2733,0.2727,0.2728
33,1726025100000,0.2727,0.2737,0.2727,0.2736
34,1726025400000,0.2736,0.2739,0.2732,0.2738
35,1726025700000,0.2738,0.2742,0.2735,0.2738
36,1726026000000,0.2737,0.2737,0.273,0.2731
37,1726026300000,0.2731,0.2739,0.2731,0.2734
38,1726026600000,0.2733,0.2733,0.2729,0.2733
39,1726026900000,0.2733,0.274,0.2729,0.2737
40,1726027200000,0.2736,0.2736,0.2729,0.2729
41,1726027500000,0.2729,0.273,0.2715,0.2721
42,1726027800000,0.272,0.2729,0.272,0.2723
43,1726028100000,0.2722,0.2722,0.2702,0.2713
44,1726028400000,0.2713,0.2722,0.2709,0.2722
45,1726028700000,0.2721,0.2724,0.2716,0.2721
46,1726029000000,0.2721,0.2721,0.2707,0.2712
47,1726029300000,0.2712,0.2716,0.2706,0.2711
48,1726029600000,0.2711,0.2724,0.2707,0.2708
49,1726029900000,0.2708,0.2708,0.2691,0.2692
50,1726030200000,0.2692,0.271,0.2691,0.2709
51,1726030500000,0.2709,0.2712,0.2708,0.271
52,1726030800000,0.271,0.2711,0.2705,0.2706
53,1726031100000,0.2707,0.2709,0.269,0.2692
54,1726031400000,0.2692,0.2694,0.2681,0.2682
55,1726031700000,0.2682,0.2695,0.2681,0.2691
56,1726032000000,0.2692,0.2694,0.2688,0.2688
57,1726032300000,0.2688,0.2689,0.2674,0.2678
58,1726032600000,0.2679,0.2686,0.2677,0.2685
59,1726032900000,0.2687,0.2691,0.2682,0.2685
60,1726033200000,0.2685,0.2689,0.2684,0.2689
61,1726033500000,0.2688,0.269,0.2684,0.2689
62,1726033800000,0.269,0.2692,0.2687,0.269
63,1726034100000,0.2689,0.2689,0.2684,0.2686
64,1726034400000,0.2686,0.2691,0.2682,0.2691
65,1726034700000,0.2691,0.2697,0.269,0.2697
66,1726035000000,0.2698,0.2701,0.2697,0.27
67,1726035300000,0.2701,0.2706,0.27,0.27
68,1726035600000,0.27,0.2715,0.2696,0.271
69,1726035900000,0.271,0.2712,0.2707,0.2709
70,1726036200000,0.2708,0.2722,0.2699,0.272
71,1726036500000,0.2719,0.2719,0.2711,0.2714
72,1726036800000,0.2713,0.2721,0.2713,0.272
73,1726037100000,0.272,0.2721,0.2713,0.2714
74,1726037400000,0.2714,0.2716,0.2712,0.2716
75,1726037700000,0.2715,0.2715,0.2697,0.27
76,1726038000000,0.27,0.2715,0.27,0.2711
77,1726038300000,0.2711,0.2716,0.2711,0.2716
78,1726038600000,0.2715,0.2718,0.2712,0.2714
79,1726038900000,0.2714,0.2722,0.2714,0.2717
80,1726039200000,0.2717,0.2722,0.2717,0.2721
81,1726039500000,0.2721,0.2726,0.272,0.2726
82,1726039800000,0.2726,0.2729,0.2721,0.2722
83,1726040100000,0.2721,0.2721,0.2719,0.2721
84,1726040400000,0.272,0.2721,0.2719,0.272
85,1726040700000,0.272,0.2723,0.272,0.272
86,1726041000000,0.272,0.2725,0.2719,0.2725
87,1726041300000,0.2724,0.2727,0.2722,0.2726
88,1726041600000,0.2726,0.2726,0.2717,0.2719
89,1726041900000,0.2719,0.2719,0.2714,0.2716
90,1726042200000,0.2716,0.2717,0.2711,0.2711
91,1726042500000,0.2711,0.2716,0.2709,0.2713
92,1726042800000,0.2713,0.2713,0.2708,0.271
93,1726043100000,0.271,0.2713,0.271,0.2712
94,1726043400000,0.2712,0.2712,0.2706,0.2708
95,1726043700000,0.2707,0.2707,0.2702,0.2705
96,1726044000000,0.2704,0.2704,0.2685,0.2688
97,1726044300000,0.2687,0.2699,0.2687,0.2697
98,1726044600000,0.2697,0.27,0.2686,0.2686
99,1726044900000,0.2687,0.2693,0.2686,0.2689
100,1726045200000,0.2689,0.2703,0.2688,0.27
101,1726045500000,0.27,0.2705,0.27,0.2705
102,1726045800000,0.2705,0.2706,0.2703,0.2703
103,1726046100000,0.2703,0.2709,0.2703,0.2708
104,1726046400000,0.2707,0.2708,0.2704,0.2704
105,1726046700000,0.2703,0.2709,0.2696,0.2708
106,1726047000000,0.2708,0.2714,0.2707,0.2714
107,1726047300000,0.2713,0.2713,0.2697,0.2701
108,1726047600000,0.2701,0.2705,0.27,0.2703
109,1726047900000,0.2703,0.2707,0.2699,0.2706
110,1726048200000,0.2706,0.2709,0.2701,0.2703
111,1726048500000,0.2703,0.2706,0.2703,0.2706
112,1726048800000,0.2706,0.2707,0.2699,0.2702
113,1726049100000,0.2703,0.2704,0.2689,0.269
114,1726049400000,0.269,0.2695,0.269,0.2694
115,1726049700000,0.2695,0.2696,0.2692,0.2696
116,1726050000000,0.2697,0.2698,0.269,0.2691
117,1726050300000,0.269,0.2691,0.268,0.269
118,1726050600000,0.269,0.2704,0.2689,0.2697
119,1726050900000,0.2696,0.2696,0.269,0.2693
120,1726051200000,0.2693,0.2693,0.2687,0.2688
121,1726051500000,0.2687,0.2693,0.2686,0.2692
122,1726051800000,0.2693,0.2693,0.2686,0.2691
123,1726052100000,0.2691,0.2697,0.2691,0.2697
124,1726052400000,0.2697,0.2706,0.2696,0.2706
125,1726052700000,0.2705,0.2707,0.2702,0.2704
126,1726053000000,0.2705,0.2718,0.2705,0.2713
127,1726053300000,0.2712,0.2714,0.2709,0.2713
128,1726053600000,0.2712,0.2715,0.2712,0.2715
129,1726053900000,0.2715,0.2715,0.2708,0.2712
130,1726054200000,0.2711,0.2716,0.271,0.2713
131,1726054500000,0.2712,0.2719,0.2709,0.2719
132,1726054800000,0.2719,0.2721,0.2712,0.2714
133,1726055100000,0.2713,0.2716,0.271,0.2712
134,1726055400000,0.2714,0.2719,0.2711,0.2716
135,1726055700000,0.2717,0.2717,0.271,0.2713
136,1726056000000,0.2713,0.2714,0.2703,0.2704
137,1726056300000,0.2704,0.2709,0.2701,0.2709
138,1726056600000,0.2709,0.2711,0.2707,0.271
139,1726056900000,0.271,0.2724,0.2705,0.2722
140,1726057200000,0.2722,0.2723,0.2705,0.2705
141,1726057500000,0.2705,0.2711,0.27,0.2711
142,1726057800000,0.2711,0.273,0.2694,0.2714
143,1726058100000,0.2713,0.2718,0.2705,0.2713
144,1726058400000,0.2713,0.2717,0.27,0.2702
145,1726058700000,0.2702,0.2706,0.2687,0.27
146,1726059000000,0.2701,0.2713,0.2696,0.271
147,1726059300000,0.271,0.2728,0.271,0.2725
148,1726059600000,0.2724,0.274,0.2722,0.2738
149,1726059900000,0.2739,0.2751,0.2729,0.273
150,1726060200000,0.2729,0.2735,0.2725,0.2734
151,1726060500000,0.2734,0.2745,0.2732,0.2744
152,1726060800000,0.2746,0.2746,0.2732,0.2736
153,1726061100000,0.2735,0.2735,0.2723,0.2723
154,1726061400000,0.2724,0.2724,0.2694,0.2694
155,1726061700000,0.2693,0.2703,0.2692,0.2695
156,1726062000000,0.2694,0.2703,0.2689,0.2697
157,1726062300000,0.2698,0.2699,0.2689,0.2692
158,1726062600000,0.2691,0.2691,0.2665,0.2666
159,1726062900000,0.2667,0.2673,0.2658,0.2661
160,1726063200000,0.266,0.2672,0.265,0.2672
161,1726063500000,0.2672,0.2677,0.2665,0.2672
162,1726063800000,0.2671,0.2673,0.2665,0.2665
163,1726064100000,0.2665,0.2665,0.2654,0.2661
164,1726064400000,0.266,0.267,0.2655,0.2665
165,1726064700000,0.2666,0.2674,0.2661,0.2667
166,1726065000000,0.2666,0.2666,0.2653,0.2656
167,1726065300000,0.2657,0.2664,0.2655,0.2655
168,1726065600000,0.2656,0.2656,0.2635,0.2638
169,1726065900000,0.264,0.2644,0.2628,0.2637
170,1726066200000,0.2637,0.2648,0.2636,0.2646
171,1726066500000,0.2646,0.2655,0.2641,0.2655
172,1726066800000,0.2655,0.2655,0.2645,0.2652
173,1726067100000,0.2651,0.2666,0.2651,0.266
174,1726067400000,0.266,0.2667,0.2656,0.2666
175,1726067700000,0.2667,0.2674,0.2667,0.2674
176,1726068000000,0.2674,0.2674,0.2669,0.2669
177,1726068300000,0.2668,0.2675,0.2668,0.2673
178,1726068600000,0.2673,0.2683,0.267,0.2682
179,1726068900000,0.2682,0.2696,0.2679,0.2694
180,1726069200000,0.2694,0.2706,0.2692,0.2706
181,1726069500000,0.2705,0.2711,0.2701,0.2701
182,1726069800000,0.2701,0.2702,0.2689,0.2689
183,1726070100000,0.2689,0.2691,0.2682,0.2688
184,1726070400000,0.2687,0.2702,0.2686,0.2702
185,1726070700000,0.2703,0.2713,0.2699,0.27
186,1726071000000,0.2699,0.2703,0.2693,0.2698
187,1726071300000,0.2699,0.2704,0.2697,0.2704
188,1726071600000,0.2704,0.2714,0.2699,0.27
189,1726071900000,0.27,0.2709,0.2699,0.2708
190,1726072200000,0.2708,0.2712,0.2703,0.2703
191,1726072500000,0.2702,0.271,0.2702,0.2708
192,1726072800000,0.271,0.2712,0.2704,0.2706
193,1726073100000,0.2708,0.2713,0.2702,0.2705
194,1726073400000,0.2704,0.2721,0.2704,0.2718
195,1726073700000,0.2718,0.2724,0.2711,0.2714
196,1726074000000,0.2714,0.273,0.2714,0.2724
197,1726074300000,0.2723,0.273,0.2722,0.2724
198,1726074600000,0.2725,0.2735,0.2725,0.2729
199,1726074900000,0.273,0.2733,0.2724,0.2728
200,1726075200000,0.2728,0.2732,0.2723,0.2724
201,1726075500000,0.2724,0.2732,0.2724,0.273
202,1726075800000,0.273,0.2731,0.2713,0.2715
203,1726076100000,0.2715,0.2724,0.2715,0.2722
204,1726076400000,0.2722,0.2729,0.2721,0.2725
205,1726076700000,0.2724,0.2733,0.2724,0.2732
206,1726077000000,0.2731,0.2732,0.2722,0.2724
207,1726077300000,0.2723,0.2723,0.2715,0.2719
208,1726077600000,0.2719,0.2727,0.2717,0.2725
209,1726077900000,0.2724,0.2725,0.2722,0.2725
210,1726078200000,0.2725,0.2725,0.2719,0.2722
211,1726078500000,0.2722,0.2726,0.2722,0.2724
212,1726078800000,0.2724,0.273,0.2723,0.2729
213,1726079100000,0.2729,0.2729,0.2723,0.2726
214,1726079400000,0.2727,0.2728,0.2724,0.2728
215,1726079700000,0.2728,0.2728,0.2716,0.2722
216,1726080000000,0.2723,0.2723,0.2715,0.2716
217,1726080300000,0.2714,0.2714,0.2708,0.271
218,1726080600000,0.2709,0.2709,0.27,0.2706
219,1726080900000,0.2706,0.2714,0.2706,0.2709
220,1726081200000,0.2708,0.2708,0.2698,0.2699
221,1726081500000,0.2698,0.2704,0.2698,0.2703
222,1726081800000,0.2704,0.2705,0.2701,0.2704
223,1726082100000,0.2705,0.2712,0.2704,0.2708
224,1726082400000,0.2708,0.271,0.2702,0.2704
225,1726082700000,0.2703,0.2705,0.2702,0.2705
226,1726083000000,0.2706,0.2709,0.2703,0.2708
227,1726083300000,0.2708,0.2712,0.2707,0.2707
228,1726083600000,0.2707,0.2708,0.2701,0.2704
229,1726083900000,0.2704,0.2707,0.27,0.2707
230,1726084200000,0.2707,0.2713,0.2703,0.2713
231,1726084500000,0.2713,0.2717,0.2712,0.2712
232,1726084800000,0.2713,0.2717,0.2712,0.2714
233,1726085100000,0.2713,0.2722,0.2713,0.2721
234,1726085400000,0.272,0.2724,0.2715,0.2715
235,1726085700000,0.2716,0.2717,0.2714,0.2714
236,1726086000000,0.2715,0.2725,0.2715,0.2718
237,1726086300000,0.2718,0.2721,0.2717,0.272
238,1726086600000,0.2719,0.272,0.2714,0.2715
239,1726086900000,0.2715,0.2718,0.2711,0.2714
240,1726087200000,0.2714,0.2716,0.2712,0.2716
241,1726087500000,0.2715,0.2719,0.2714,0.2719
242,1726087800000,0.2718,0.2719,0.2714,0.2715
243,1726088100000,0.2714,0.2715,0.2711,0.2713
244,1726088400000,0.2712,0.2718,0.2712,0.2717
245,1726088700000,0.2717,0.2718,0.2709,0.2709
246,1726089000000,0.2709,0.2712,0.2705,0.2709
247,1726089300000,0.2708,0.2713,0.2708,0.2712
248,1726089600000,0.2712,0.2712,0.271,0.271
249,1726089900000,0.271,0.271,0.2701,0.2701
250,1726090200000,0.2702,0.2706,0.2701,0.2705
251,1726090500000,0.2705,0.2708,0.2704,0.2708
252,1726090800000,0.2707,0.2709,0.2705,0.2708
253,1726091100000,0.2708,0.2709,0.2707,0.2708
254,1726091400000,0.2709,0.2711,0.2709,0.2711
255,1726091700000,0.2711,0.2711,0.2706,0.2707
256,1726092000000,0.2708,0.2709,0.2706,0.2709
257,1726092300000,0.2709,0.2711,0.2707,0.271
258,1726092600000,0.271,0.271,0.2707,0.2707
259,1726092900000,0.2708,0.2708,0.2704,0.2708
260,1726093200000,0.2709,0.2709,0.2704,0.2705
261,1726093500000,0.2705,0.2708,0.2703,0.2705
262,1726093800000,0.2705,0.271,0.2705,0.271
263,1726094100000,0.2711,0.2711,0.2703,0.2703
264,1726094400000,0.2704,0.2706,0.2703,0.2703
265,1726094700000,0.2703,0.2705,0.2699,0.2703
266,1726095000000,0.2703,0.2707,0.2702,0.2703
267,1726095300000,0.2705,0.2707,0.2704,0.2706
268,1726095600000,0.2707,0.271,0.2703,0.2706
269,1726095900000,0.2706,0.2709,0.2705,0.2707
270,1726096200000,0.2707,0.2709,0.2704,0.2704
271,1726096500000,0.2705,0.2708,0.2705,0.2705
272,1726096800000,0.2705,0.2706,0.2704,0.2705
273,1726097100000,0.2704,0.2706,0.2704,0.2704
274,1726097400000,0.2705,0.2709,0.2705,0.2709
275,1726097700000,0.2709,0.2711,0.2707,0.2708
276,1726098000000,0.2708,0.271,0.2706,0.2707
277,1726098300000,0.2707,0.2711,0.2705,0.2711
278,1726098600000,0.2711,0.2712,0.2708,0.2708
279,1726098900000,0.2709,0.271,0.2705,0.2706
280,1726099200000,0.2706,0.2709,0.2704,0.2707
281,1726099500000,0.2707,0.2716,0.2707,0.2716
282,1726099800000,0.2717,0.2722,0.2713,0.2713
283,1726100100000,0.2713,0.2715,0.271,0.2713
284,1726100400000,0.2713,0.2728,0.2712,0.2724
285,1726100700000,0.2723,0.2725,0.2718,0.2725
286,1726101000000,0.2724,0.2727,0.2723,0.2724
287,1726101300000,0.2725,0.2741,0.2725,0.2739
288,1726101600000,0.2739,0.2746,0.2736,0.2745
289,1726101900000,0.2745,0.2745,0.2737,0.2739
290,1726102200000,0.2738,0.2743,0.2735,0.2735
291,1726102500000,0.2734,0.2737,0.2734,0.2735
292,1726102800000,0.2735,0.2746,0.2735,0.2745
293,1726103100000,0.2745,0.2747,0.2741,0.2744
294,1726103400000,0.2744,0.2747,0.274,0.2742
295,1726103700000,0.2743,0.2754,0.2743,0.275
296,1726104000000,0.2749,0.275,0.2745,0.275
297,1726104300000,0.275,0.2762,0.2749,0.2761
298,1726104600000,0.2761,0.2766,0.2761,0.2765
299,1726104900000,0.2765,0.2766,0.2761,0.2765
300,1726105200000,0.2765,0.2767,0.2754,0.2757
301,1726105500000,0.2757,0.276,0.2755,0.2759
302,1726105800000,0.2759,0.276,0.2756,0.2756
303,1726106100000,0.2756,0.2771,0.2755,0.277
304,1726106400000,0.277,0.279,0.2769,0.2785
305,1726106700000,0.2785,0.2785,0.2772,0.2777
306,1726107000000,0.2776,0.2777,0.276,0.2762
307,1726107300000,0.2761,0.277,0.276,0.2762
308,1726107600000,0.2761,0.2763,0.2755,0.2756
309,1726107900000,0.2755,0.2762,0.2753,0.2762
310,1726108200000,0.2763,0.2764,0.2758,0.2758
311,1726108500000,0.2758,0.2761,0.2756,0.2759
312,1726108800000,0.2759,0.2767,0.2758,0.2764
313,1726109100000,0.2764,0.277,0.2763,0.2769
314,1726109400000,0.2769,0.2769,0.2758,0.2758
315,1726109700000,0.2759,0.2759,0.2756,0.2758
316,1726110000000,0.2758,0.2772,0.2758,0.2771
317,1726110300000,0.2771,0.2775,0.2765,0.2772
318,1726110600000,0.2772,0.2773,0.2769,0.2771
319,1726110900000,0.277,0.2773,0.2764,0.2765
320,1726111200000,0.2766,0.277,0.2766,0.277
321,1726111500000,0.2771,0.2778,0.2771,0.2777
322,1726111800000,0.2777,0.2779,0.2767,0.2771
323,1726112100000,0.2772,0.2777,0.277,0.2776
324,1726112400000,0.2777,0.2781,0.2776,0.2779
325,1726112700000,0.2779,0.2782,0.2778,0.278
326,1726113000000,0.2779,0.278,0.2777,0.2779
327,1726113300000,0.2778,0.2779,0.2776,0.2777
328,1726113600000,0.2776,0.2781,0.2776,0.2779
329,1726113900000,0.278,0.2782,0.2776,0.2782
330,1726114200000,0.2782,0.2789,0.2782,0.2787
331,1726114500000,0.2788,0.2795,0.2785,0.2794
332,1726114800000,0.2794,0.2795,0.279,0.2792
333,1726115100000,0.2792,0.2797,0.2792,0.2794
334,1726115400000,0.2795,0.2796,0.279,0.279
335,1726115700000,0.279,0.2791,0.2786,0.2787
336,1726116000000,0.2787,0.2796,0.2787,0.2796
337,1726116300000,0.2795,0.2795,0.2781,0.2781
338,1726116600000,0.2782,0.2783,0.2777,0.2778
339,1726116900000,0.2779,0.2782,0.2777,0.2778
340,1726117200000,0.2779,0.2782,0.2778,0.278
341,1726117500000,0.2781,0.2781,0.2776,0.2779
342,1726117800000,0.278,0.2783,0.278,0.278
343,1726118100000,0.2779,0.2784,0.2778,0.278
344,1726118400000,0.2779,0.2783,0.2778,0.2782
345,1726118700000,0.2782,0.2787,0.2781,0.2782
346,1726119000000,0.2782,0.2791,0.2782,0.2787
347,1726119300000,0.2787,0.2789,0.2782,0.2788
348,1726119600000,0.2788,0.2797,0.2788,0.2796
349,1726119900000,0.2796,0.2808,0.2795,0.2807
350,1726120200000,0.2806,0.281,0.2801,0.2802
351,1726120500000,0.2801,0.2804,0.28,0.2803
352,1726120800000,0.2802,0.2806,0.2799,0.2805
353,1726121100000,0.2806,0.2818,0.2806,0.2813
354,1726121400000,0.2813,0.2813,0.2809,0.2813
355,1726121700000,0.2814,0.2826,0.2814,0.2818
356,1726122000000,0.2817,0.2818,0.2804,0.2808
357,1726122300000,0.2807,0.2809,0.28,0.2803
358,1726122600000,0.2802,0.2808,0.28,0.2806
359,1726122900000,0.2806,0.2806,0.2796,0.2803
360,1726123200000,0.2802,0.2808,0.2801,0.2805
361,1726123500000,0.2804,0.2808,0.2801,0.2806
362,1726123800000,0.2806,0.2808,0.2804,0.2806
363,1726124100000,0.2806,0.2809,0.2805,0.2807
364,1726124400000,0.2807,0.2815,0.2806,0.2814
365,1726124700000,0.2815,0.2816,0.2808,0.2809
366,1726125000000,0.2809,0.2815,0.2809,0.2811
367,1726125300000,0.281,0.2816,0.281,0.2811
368,1726125600000,0.281,0.2814,0.2808,0.2814
369,1726125900000,0.2814,0.2825,0.2814,0.2824
370,1726126200000,0.2825,0.2842,0.2825,0.2842
371,1726126500000,0.2843,0.2847,0.284,0.2846
372,1726126800000,0.2845,0.2848,0.284,0.2848
373,1726127100000,0.2848,0.2859,0.2846,0.2846
374,1726127400000,0.2847,0.2848,0.2839,0.2839
375,1726127700000,0.2839,0.2841,0.2834,0.2838
376,1726128000000,0.2838,0.2843,0.2833,0.2843
377,1726128300000,0.2842,0.2844,0.2838,0.284
378,1726128600000,0.284,0.284,0.2832,0.2836
379,1726128900000,0.2836,0.2838,0.2826,0.283
380,1726129200000,0.283,0.2836,0.283,0.2835
381,1726129500000,0.2836,0.2838,0.2833,0.2833
382,1726129800000,0.2834,0.2849,0.2834,0.2849
383,1726130100000,0.285,0.2858,0.285,0.2852
384,1726130400000,0.2852,0.2858,0.2848,0.2855
385,1726130700000,0.2854,0.2856,0.2848,0.2856
386,1726131000000,0.2857,0.2859,0.2851,0.2854
387,1726131300000,0.2854,0.2854,0.2848,0.285
388,1726131600000,0.2851,0.2851,0.2833,0.2833
389,1726131900000,0.2833,0.2836,0.2825,0.2836
390,1726132200000,0.2836,0.2841,0.2836,0.284
391,1726132500000,0.2839,0.2844,0.2837,0.2838
392,1726132800000,0.2838,0.2843,0.2837,0.2838
393,1726133100000,0.2839,0.2842,0.2837,0.2839
394,1726133400000,0.2838,0.2847,0.2837,0.2846
395,1726133700000,0.2847,0.2851,0.2845,0.2845
396,1726134000000,0.2845,0.2847,0.2835,0.2835
397,1726134300000,0.2835,0.2839,0.2834,0.2838
398,1726134600000,0.2837,0.2839,0.2835,0.2837
399,1726134900000,0.2836,0.2837,0.2829,0.283
400,1726135200000,0.2829,0.2832,0.2825,0.2828
401,1726135500000,0.2826,0.2827,0.2812,0.2817
402,1726135800000,0.2817,0.2827,0.2817,0.2824
403,1726136100000,0.2824,0.2827,0.282,0.2823
404,1726136400000,0.2823,0.2823,0.2818,0.282
405,1726136700000,0.282,0.282,0.2806,0.2808
406,1726137000000,0.2809,0.2815,0.2807,0.2812
407,1726137300000,0.2812,0.2814,0.2808,0.2808
408,1726137600000,0.2809,0.2813,0.2803,0.2811
409,1726137900000,0.2812,0.2815,0.2809,0.2809
410,1726138200000,0.2809,0.2809,0.2805,0.2807
411,1726138500000,0.2806,0.2808,0.2801,0.2802
412,1726138800000,0.2801,0.2806,0.2798,0.2806
413,1726139100000,0.2806,0.2806,0.2803,0.2804
414,1726139400000,0.2804,0.2805,0.28,0.2802
415,1726139700000,0.2802,0.2808,0.2801,0.2806
416,1726140000000,0.2806,0.281,0.2804,0.281
417,1726140300000,0.281,0.2813,0.2809,0.281
418,1726140600000,0.281,0.2815,0.281,0.2814
419,1726140900000,0.2813,0.2814,0.2803,0.2804
420,1726141200000,0.2804,0.2807,0.2804,0.2805
421,1726141500000,0.2805,0.2808,0.2802,0.2808
422,1726141800000,0.2808,0.2811,0.2805,0.2805
423,1726142100000,0.2806,0.2808,0.2805,0.2807
424,1726142400000,0.2807,0.2816,0.2807,0.2815
425,1726142700000,0.2814,0.2826,0.2814,0.2826
426,1726143000000,0.2826,0.2832,0.2825,0.2827
427,1726143300000,0.2827,0.2842,0.2821,0.2842
428,1726143600000,0.2842,0.2843,0.282,0.2821
429,1726143900000,0.2821,0.2829,0.2821,0.2829
430,1726144200000,0.2829,0.2831,0.2816,0.2818
431,1726144500000,0.282,0.2822,0.2797,0.2799
432,1726144800000,0.2799,0.2809,0.2798,0.2807
433,1726145100000,0.2808,0.2818,0.2807,0.2813
434,1726145400000,0.2814,0.2817,0.2802,0.2804
435,1726145700000,0.2804,0.2809,0.2798,0.2799
436,1726146000000,0.28,0.2807,0.2797,0.2806
437,1726146300000,0.2806,0.2813,0.2805,0.2807
438,1726146600000,0.2806,0.2812,0.2805,0.2809
439,1726146900000,0.2809,0.2813,0.2807,0.2811
440,1726147200000,0.2811,0.2813,0.2806,0.2808
441,1726147500000,0.2808,0.2816,0.2808,0.2815
442,1726147800000,0.2814,0.2821,0.2806,0.2817
443,1726148100000,0.2816,0.2828,0.2816,0.2825
444,1726148400000,0.2825,0.2828,0.2818,0.282
445,1726148700000,0.282,0.2821,0.28,0.2802
446,1726149000000,0.2801,0.2808,0.2792,0.2808
447,1726149300000,0.2807,0.2807,0.2801,0.2806
448,1726149600000,0.2806,0.2816,0.2803,0.281
449,1726149900000,0.2811,0.2814,0.2807,0.2811
450,1726150200000,0.2812,0.2828,0.2811,0.2828
451,1726150500000,0.2828,0.2841,0.2827,0.2832
452,1726150800000,0.2831,0.2837,0.2831,0.2832
453,1726151100000,0.2832,0.2838,0.2832,0.2837
454,1726151400000,0.2837,0.2856,0.2836,0.2855
455,1726151700000,0.2854,0.2857,0.2832,0.2838
456,1726152000000,0.2838,0.2847,0.2837,0.2843
457,1726152300000,0.2842,0.2842,0.2819,0.2829
458,1726152600000,0.2829,0.2831,0.2822,0.2828
459,1726152900000,0.283,0.2833,0.2812,0.2812
460,1726153200000,0.2812,0.2832,0.2805,0.2832
461,1726153500000,0.2833,0.2838,0.283,0.283
462,1726153800000,0.2829,0.284,0.2823,0.2837
463,1726154100000,0.2837,0.2837,0.2819,0.2819
464,1726154400000,0.2818,0.2818,0.2807,0.2811
465,1726154700000,0.2811,0.2811,0.2796,0.2796
466,1726155000000,0.2797,0.2811,0.2796,0.2803
467,1726155300000,0.2804,0.2804,0.2796,0.2802
468,1726155600000,0.2803,0.2811,0.2799,0.2799
469,1726155900000,0.2798,0.2798,0.278,0.2787
470,1726156200000,0.2787,0.2797,0.2783,0.279
471,1726156500000,0.2792,0.2795,0.2788,0.279
472,1726156800000,0.2791,0.2803,0.279,0.28
473,1726157100000,0.2801,0.2801,0.2793,0.2799
474,1726157400000,0.2799,0.2807,0.2799,0.2807
475,1726157700000,0.2808,0.2819,0.2807,0.2814
476,1726158000000,0.2814,0.2822,0.2813,0.2815
477,1726158300000,0.2815,0.2824,0.2815,0.2816
478,1726158600000,0.2816,0.2819,0.2813,0.2813
479,1726158900000,0.2814,0.2819,0.2813,0.2813
480,1726159200000,0.2812,0.2818,0.2811,0.2818
481,1726159500000,0.2818,0.2824,0.2816,0.2822
482,1726159800000,0.2822,0.2828,0.2821,0.2827
483,1726160100000,0.2827,0.2833,0.2825,0.2832
484,1726160400000,0.2831,0.2834,0.2825,0.2833
485,1726160700000,0.2834,0.2836,0.2832,0.2835
486,1726161000000,0.2835,0.2841,0.2835,0.2839
487,1726161300000,0.2839,0.2842,0.2836,0.2842
488,1726161600000,0.2842,0.2847,0.2838,0.2847
489,1726161900000,0.2846,0.2846,0.2837,0.284
490,1726162200000,0.2839,0.2847,0.2838,0.2842
491,1726162500000,0.2842,0.2849,0.2842,0.2848
492,1726162800000,0.2848,0.2852,0.2846,0.2849
493,1726163100000,0.2849,0.2851,0.2844,0.2847
494,1726163400000,0.2847,0.2859,0.2847,0.2856
495,1726163700000,0.2856,0.2857,0.2852,0.2856
496,1726164000000,0.2856,0.2858,0.284,0.2841
497,1726164300000,0.2842,0.2843,0.2836,0.2838
498,1726164600000,0.2839,0.2846,0.2838,0.2843
499,1726164900000,0.2843,0.2862,0.2843,0.2855
500,1726165200000,0.2855,0.2868,0.2855,0.2863
501,1726165500000,0.2864,0.2875,0.2864,0.2867
502,1726165800000,0.2867,0.2869,0.2861,0.2868
503,1726166100000,0.2867,0.2868,0.2863,0.2863
504,1726166400000,0.2864,0.2864,0.2857,0.2857
505,1726166700000,0.2856,0.286,0.2856,0.2856
506,1726167000000,0.2856,0.2857,0.284,0.2846
507,1726167300000,0.2847,0.2857,0.2847,0.2857
508,1726167600000,0.2856,0.2858,0.2854,0.2856
509,1726167900000,0.2856,0.2866,0.2856,0.2863
510,1726168200000,0.2862,0.287,0.2862,0.2867
511,1726168500000,0.2868,0.2873,0.2865,0.2867
512,1726168800000,0.2867,0.2869,0.2862,0.2867
513,1726169100000,0.2866,0.2868,0.2864,0.2868
514,1726169400000,0.2868,0.2872,0.2866,0.2869
515,1726169700000,0.2869,0.287,0.2863,0.2868
516,1726170000000,0.2869,0.287,0.2866,0.2869
517,1726170300000,0.2869,0.2872,0.2868,0.2868
518,1726170600000,0.2869,0.2874,0.2869,0.2873
519,1726170900000,0.2873,0.2879,0.2871,0.2878
520,1726171200000,0.2878,0.2885,0.2874,0.2882
521,1726171500000,0.2881,0.2893,0.2879,0.2881
522,1726171800000,0.288,0.2883,0.2878,0.288
523,1726172100000,0.288,0.2898,0.2879,0.2896
524,1726172400000,0.2896,0.2897,0.2891,0.2895
525,1726172700000,0.2895,0.2909,0.2893,0.2909
526,1726173000000,0.2909,0.2926,0.2907,0.2925
527,1726173300000,0.2925,0.2935,0.2925,0.2929
528,1726173600000,0.2929,0.2936,0.2921,0.2935
529,1726173900000,0.2935,0.2937,0.2911,0.2917
530,1726174200000,0.2916,0.2917,0.2913,0.2916
531,1726174500000,0.2916,0.2922,0.2913,0.2916
532,1726174800000,0.2915,0.2936,0.2914,0.2932
533,1726175100000,0.2932,0.2939,0.2927,0.2935
534,1726175400000,0.2935,0.294,0.293,0.2935
535,1726175700000,0.2934,0.2935,0.2924,0.2927
536,1726176000000,0.2927,0.2933,0.2922,0.2929
537,1726176300000,0.2929,0.2929,0.2921,0.2927
538,1726176600000,0.2927,0.2941,0.2926,0.2939
539,1726176900000,0.2938,0.2945,0.2936,0.2936
540,1726177200000,0.2937,0.2939,0.2923,0.2924
541,1726177500000,0.2923,0.2927,0.2922,0.2926
542,1726177800000,0.2926,0.2929,0.292,0.2922
543,1726178100000,0.2922,0.2922,0.2915,0.2917
544,1726178400000,0.2918,0.2928,0.2917,0.2928
545,1726178700000,0.2928,0.2934,0.2922,0.2925
546,1726179000000,0.2926,0.2927,0.2918,0.2922
547,1726179300000,0.2923,0.2931,0.2921,0.2931
548,1726179600000,0.2932,0.2952,0.2932,0.2948
549,1726179900000,0.2948,0.2949,0.2943,0.2943
550,1726180200000,0.2944,0.296,0.2944,0.295
551,1726180500000,0.2949,0.2953,0.2942,0.2942
552,1726180800000,0.2942,0.2954,0.2942,0.2951
553,1726181100000,0.2952,0.2956,0.2948,0.2949
554,1726181400000,0.295,0.295,0.2938,0.2943
555,1726181700000,0.2943,0.2957,0.2942,0.2956
556,1726182000000,0.2957,0.2957,0.2936,0.2937
557,1726182300000,0.2936,0.2939,0.293,0.2933
558,1726182600000,0.2933,0.2936,0.2927,0.2935
559,1726182900000,0.2935,0.2942,0.2934,0.2934
560,1726183200000,0.2934,0.2935,0.2929,0.2933
561,1726183500000,0.2932,0.2933,0.293,0.293
562,1726183800000,0.2931,0.2933,0.293,0.2932
563,1726184100000,0.2932,0.2942,0.293,0.294
564,1726184400000,0.294,0.2943,0.2937,0.2938
565,1726184700000,0.2939,0.2947,0.2939,0.2947
566,1726185000000,0.2946,0.2946,0.2938,0.2938
567,1726185300000,0.2939,0.2941,0.2931,0.2933
568,1726185600000,0.2933,0.2943,0.2933,0.2941
569,1726185900000,0.2941,0.2946,0.2939,0.2945
570,1726186200000,0.2946,0.2948,0.2942,0.2947
571,1726186500000,0.2947,0.2948,0.293,0.2933
572,1726186800000,0.2933,0.2934,0.2929,0.2932
573,1726187100000,0.2932,0.2938,0.293,0.2933
574,1726187400000,0.2933,0.2942,0.2933,0.294
575,1726187700000,0.294,0.294,0.2934,0.294
576,1726188000000,0.2939,0.2942,0.2937,0.2939
577,1726188300000,0.2939,0.2946,0.2938,0.2946
578,1726188600000,0.2946,0.295,0.2937,0.2939
579,1726188900000,0.2938,0.2946,0.2937,0.2946
580,1726189200000,0.2946,0.2948,0.2931,0.2933
581,1726189500000,0.2933,0.2937,0.2931,0.2933
582,1726189800000,0.2932,0.2934,0.2923,0.2923
583,1726190100000,0.2924,0.2926,0.2912,0.2918
584,1726190400000,0.2918,0.2926,0.2918,0.2926
585,1726190700000,0.2925,0.2926,0.2921,0.2923
586,1726191000000,0.2923,0.2923,0.291,0.2911
587,1726191300000,0.291,0.2918,0.2909,0.2916
588,1726191600000,0.2916,0.292,0.2913,0.292
589,1726191900000,0.292,0.2925,0.2918,0.2925
590,1726192200000,0.2924,0.293,0.2922,0.2928
591,1726192500000,0.2928,0.2933,0.2926,0.2928
592,1726192800000,0.2928,0.2932,0.2918,0.292
593,1726193100000,0.2921,0.293,0.2917,0.2929
594,1726193400000,0.2929,0.2932,0.2922,0.293
595,1726193700000,0.293,0.2932,0.2925,0.2926
596,1726194000000,0.2925,0.2928,0.2923,0.2927
597,1726194300000,0.2928,0.293,0.2926,0.293
598,1726194600000,0.293,0.2935,0.2929,0.2935
599,1726194900000,0.2936,0.2942,0.2936,0.2937
600,1726195200000,0.2938,0.2943,0.2936,0.2941
601,1726195500000,0.294,0.2942,0.2937,0.2939
602,1726195800000,0.2939,0.294,0.2928,0.2929
603,1726196100000,0.2929,0.2929,0.2923,0.2923
604,1726196400000,0.2923,0.2925,0.2921,0.2925
605,1726196700000,0.2925,0.2929,0.2924,0.2926
606,1726197000000,0.2927,0.293,0.2925,0.2925
607,1726197300000,0.2926,0.2929,0.2923,0.2924
608,1726197600000,0.2924,0.2925,0.2921,0.2922
609,1726197900000,0.2922,0.2927,0.2921,0.2925
610,1726198200000,0.2925,0.2933,0.2925,0.2929
611,1726198500000,0.2928,0.2928,0.2919,0.2919
612,1726198800000,0.2919,0.2921,0.2915,0.2919
613,1726199100000,0.292,0.2921,0.2915,0.2918
614,1726199400000,0.2919,0.2923,0.2917,0.2922
615,1726199700000,0.2922,0.293,0.2922,0.2924
616,1726200000000,0.2924,0.2925,0.2919,0.2921
617,1726200300000,0.2921,0.2923,0.2919,0.292
618,1726200600000,0.292,0.2926,0.292,0.2924
619,1726200900000,0.2924,0.2925,0.2922,0.2922
620,1726201200000,0.2922,0.2933,0.2921,0.2931
621,1726201500000,0.2932,0.2938,0.2931,0.2934
622,1726201800000,0.2934,0.294,0.2929,0.293
623,1726202100000,0.2929,0.2935,0.2928,0.2929
624,1726202400000,0.293,0.293,0.2922,0.2924
625,1726202700000,0.2924,0.2929,0.2922,0.2928
626,1726203000000,0.2928,0.2928,0.2922,0.2925
627,1726203300000,0.2924,0.2927,0.2918,0.2919
628,1726203600000,0.2918,0.292,0.2917,0.2918
629,1726203900000,0.2918,0.2928,0.2918,0.2927
630,1726204200000,0.2927,0.2931,0.2925,0.2928
631,1726204500000,0.2928,0.2929,0.2926,0.2928
632,1726204800000,0.2928,0.293,0.2928,0.2928
633,1726205100000,0.2928,0.2929,0.2922,0.2922
634,1726205400000,0.2922,0.2927,0.2921,0.2924
635,1726205700000,0.2923,0.2938,0.2923,0.2937
636,1726206000000,0.2937,0.2947,0.2937,0.2946
637,1726206300000,0.2946,0.2947,0.2936,0.2941
638,1726206600000,0.2941,0.2945,0.2936,0.2945
639,1726206900000,0.2944,0.2945,0.2938,0.2938
640,1726207200000,0.2938,0.2942,0.2935,0.2936
641,1726207500000,0.2935,0.2939,0.2929,0.293
642,1726207800000,0.2929,0.293,0.2914,0.2914
643,1726208100000,0.2915,0.2922,0.2913,0.2913
644,1726208400000,0.2915,0.2915,0.2903,0.2915
645,1726208700000,0.2914,0.2914,0.2908,0.2911
646,1726209000000,0.2909,0.2912,0.2907,0.2907
647,1726209300000,0.2907,0.2907,0.289,0.2896
648,1726209600000,0.2895,0.2898,0.2892,0.2897
649,1726209900000,0.2897,0.2897,0.2891,0.2893
650,1726210200000,0.2893,0.2897,0.2886,0.2889
651,1726210500000,0.2888,0.289,0.2886,0.2887
652,1726210800000,0.2887,0.2891,0.2887,0.2888
653,1726211100000,0.2888,0.2891,0.2886,0.289
654,1726211400000,0.289,0.2894,0.2886,0.2893
655,1726211700000,0.2893,0.2902,0.2893,0.2901
656,1726212000000,0.2901,0.2902,0.2895,0.2895
657,1726212300000,0.2894,0.2902,0.2891,0.2898
658,1726212600000,0.2899,0.29,0.2883,0.2886
659,1726212900000,0.2886,0.2887,0.2883,0.2885
660,1726213200000,0.2885,0.2894,0.2885,0.2891
661,1726213500000,0.2891,0.2892,0.2888,0.289
662,1726213800000,0.2891,0.2898,0.2891,0.2897
663,1726214100000,0.2898,0.2902,0.2897,0.2901
664,1726214400000,0.29,0.29,0.2893,0.2894
665,1726214700000,0.2894,0.2896,0.2892,0.2895
666,1726215000000,0.2895,0.2903,0.2894,0.2902
667,1726215300000,0.2901,0.2903,0.2897,0.2899
668,1726215600000,0.2899,0.2901,0.2893,0.2894
669,1726215900000,0.2893,0.2894,0.289,0.2894
670,1726216200000,0.2894,0.2894,0.289,0.2893
671,1726216500000,0.2892,0.2899,0.2892,0.2898
672,1726216800000,0.2898,0.2902,0.2898,0.29
673,1726217100000,0.29,0.2901,0.2894,0.2899
674,1726217400000,0.2899,0.29,0.2893,0.2893
675,1726217700000,0.2893,0.2894,0.289,0.2892
676,1726218000000,0.2892,0.2897,0.2889,0.2897
677,1726218300000,0.2897,0.2899,0.2894,0.2898
678,1726218600000,0.2897,0.2904,0.2897,0.2903
679,1726218900000,0.2904,0.2907,0.2899,0.2899
680,1726219200000,0.29,0.2903,0.2896,0.29
681,1726219500000,0.2901,0.2903,0.29,0.2902
682,1726219800000,0.2902,0.2904,0.2901,0.2901
683,1726220100000,0.2901,0.2903,0.29,0.2902
684,1726220400000,0.2902,0.2906,0.2902,0.2905
685,1726220700000,0.2905,0.2905,0.2899,0.2901
686,1726221000000,0.2901,0.2902,0.2898,0.29
687,1726221300000,0.29,0.2901,0.2895,0.2895
688,1726221600000,0.2895,0.2897,0.2888,0.2897
689,1726221900000,0.2897,0.2904,0.2893,0.2901
690,1726222200000,0.2902,0.2902,0.2893,0.2898
691,1726222500000,0.2898,0.2898,0.289,0.2893
692,1726222800000,0.2894,0.2896,0.2887,0.2894
693,1726223100000,0.2895,0.2898,0.2892,0.2894
694,1726223400000,0.2895,0.2899,0.289,0.2897
695,1726223700000,0.2896,0.2901,0.2895,0.29
696,1726224000000,0.2901,0.2907,0.2898,0.2907
697,1726224300000,0.2907,0.2917,0.2906,0.2916
698,1726224600000,0.2916,0.2922,0.2916,0.2918
699,1726224900000,0.2917,0.2918,0.2913,0.2916
700,1726225200000,0.2916,0.2916,0.2908,0.2912
701,1726225500000,0.2912,0.2913,0.2908,0.2909
702,1726225800000,0.2909,0.2912,0.2909,0.2911
703,1726226100000,0.2911,0.2913,0.2905,0.2907
704,1726226400000,0.2907,0.2913,0.2905,0.2912
705,1726226700000,0.2911,0.2911,0.2902,0.2904
706,1726227000000,0.2904,0.2904,0.2897,0.2901
707,1726227300000,0.2901,0.2906,0.29,0.2905
708,1726227600000,0.2905,0.2908,0.2903,0.2904
709,1726227900000,0.2904,0.2904,0.2894,0.2894
710,1726228200000,0.2894,0.2895,0.2888,0.2892
711,1726228500000,0.2892,0.2892,0.2882,0.2886
712,1726228800000,0.2885,0.2894,0.2884,0.2894
713,1726229100000,0.2893,0.2895,0.2888,0.2893
714,1726229400000,0.2892,0.2897,0.2888,0.2896
715,1726229700000,0.2895,0.2897,0.2884,0.2884
716,1726230000000,0.2885,0.2887,0.288,0.2886
717,1726230300000,0.2885,0.2887,0.288,0.2885
718,1726230600000,0.2885,0.2889,0.288,0.2889
719,1726230900000,0.2889,0.289,0.2882,0.2883
720,1726231200000,0.2883,0.2889,0.2883,0.2886
721,1726231500000,0.2886,0.2894,0.2885,0.2893
722,1726231800000,0.2892,0.2893,0.2889,0.289
723,1726232100000,0.289,0.2897,0.289,0.2894
724,1726232400000,0.2894,0.2896,0.2888,0.2888
725,1726232700000,0.2888,0.2895,0.2887,0.2889
726,1726233000000,0.2888,0.2892,0.2887,0.2892
727,1726233300000,0.2892,0.2892,0.2883,0.2888
728,1726233600000,0.2887,0.2893,0.2886,0.2888
729,1726233900000,0.2887,0.2893,0.2886,0.2887
730,1726234200000,0.2888,0.2899,0.2886,0.2899
731,1726234500000,0.2899,0.2902,0.2895,0.29
732,1726234800000,0.2899,0.2909,0.2899,0.2908
733,1726235100000,0.2908,0.2914,0.2902,0.2902
734,1726235400000,0.2903,0.2904,0.2897,0.2903
735,1726235700000,0.2904,0.2907,0.2899,0.29
736,1726236000000,0.29,0.2903,0.2892,0.2903
737,1726236300000,0.2904,0.2916,0.2904,0.291
738,1726236600000,0.291,0.2914,0.2905,0.2911
739,1726236900000,0.291,0.2916,0.2907,0.2912
740,1726237200000,0.2912,0.2916,0.2911,0.2916
741,1726237500000,0.2916,0.2916,0.2905,0.2905
742,1726237800000,0.2904,0.2904,0.2891,0.2898
743,1726238100000,0.2897,0.291,0.2893,0.2906
744,1726238400000,0.2906,0.2916,0.2905,0.2914
745,1726238700000,0.2914,0.2927,0.2913,0.2927
746,1726239000000,0.2926,0.2927,0.2918,0.2918
747,1726239300000,0.2917,0.2933,0.2917,0.2931
748,1726239600000,0.293,0.2935,0.2929,0.2932
749,1726239900000,0.2932,0.2937,0.2929,0.2932
750,1726240200000,0.2932,0.2938,0.2932,0.2935
751,1726240500000,0.2936,0.2939,0.293,0.2932
752,1726240800000,0.2932,0.2951,0.2932,0.2949
753,1726241100000,0.2951,0.3004,0.2951,0.2966
754,1726241400000,0.2966,0.2977,0.2957,0.2965
755,1726241700000,0.2965,0.2966,0.2931,0.2934
756,1726242000000,0.2936,0.2948,0.2935,0.2944
757,1726242300000,0.2944,0.2956,0.2943,0.2954
758,1726242600000,0.2955,0.296,0.2951,0.2957
759,1726242900000,0.2956,0.2958,0.2952,0.2956
760,1726243200000,0.2955,0.2966,0.2954,0.2964
761,1726243500000,0.2963,0.2971,0.2961,0.2964
762,1726243800000,0.2964,0.2967,0.2954,0.2956
763,1726244100000,0.2956,0.2957,0.2945,0.2951
764,1726244400000,0.2951,0.2956,0.2946,0.2948
765,1726244700000,0.2949,0.2949,0.2942,0.2943
766,1726245000000,0.2944,0.2948,0.2936,0.2939
767,1726245300000,0.2939,0.2941,0.293,0.2933
768,1726245600000,0.2935,0.2941,0.2933,0.2937
769,1726245900000,0.2937,0.2938,0.2926,0.2935
770,1726246200000,0.2935,0.2948,0.2934,0.2947
771,1726246500000,0.2948,0.2948,0.2945,0.2946
772,1726246800000,0.2945,0.2956,0.2945,0.2953
773,1726247100000,0.2953,0.2957,0.2951,0.2952
774,1726247400000,0.2953,0.2955,0.295,0.2955
775,1726247700000,0.2955,0.2959,0.2953,0.2953
776,1726248000000,0.2953,0.2953,0.2943,0.2943
777,1726248300000,0.2944,0.2944,0.294,0.2942
778,1726248600000,0.2943,0.2946,0.2942,0.2946
779,1726248900000,0.2946,0.2946,0.2938,0.2944
780,1726249200000,0.2944,0.2954,0.2942,0.2953
781,1726249500000,0.2953,0.2969,0.2952,0.2967
782,1726249800000,0.2966,0.2967,0.2946,0.2948
783,1726250100000,0.2948,0.2951,0.2943,0.2944
784,1726250400000,0.2945,0.2958,0.294,0.2958
785,1726250700000,0.2957,0.2963,0.2955,0.2959
786,1726251000000,0.2958,0.2958,0.2951,0.2953
787,1726251300000,0.2952,0.2958,0.295,0.2958
788,1726251600000,0.2957,0.2958,0.2952,0.2952
789,1726251900000,0.2952,0.2958,0.2952,0.2957
790,1726252200000,0.2956,0.2967,0.2952,0.2962
791,1726252500000,0.2961,0.2967,0.2958,0.2959
792,1726252800000,0.296,0.2964,0.2954,0.2957
793,1726253100000,0.2957,0.296,0.2956,0.2957
794,1726253400000,0.2956,0.2957,0.2951,0.2955
795,1726253700000,0.2955,0.2958,0.2953,0.2956
796,1726254000000,0.2956,0.2959,0.2952,0.2953
797,1726254300000,0.2953,0.2953,0.2946,0.2948
798,1726254600000,0.2948,0.2955,0.2947,0.2951
799,1726254900000,0.2952,0.2953,0.2947,0.2948
800,1726255200000,0.2947,0.2952,0.2947,0.295
801,1726255500000,0.2949,0.2953,0.2947,0.2953
802,1726255800000,0.2952,0.2954,0.2951,0.2953
803,1726256100000,0.2952,0.2952,0.2945,0.2946
804,1726256400000,0.2947,0.2949,0.2945,0.2948
805,1726256700000,0.2949,0.2952,0.2947,0.295
806,1726257000000,0.2949,0.2949,0.2939,0.2942
807,1726257300000,0.2943,0.2944,0.2936,0.2941
808,1726257600000,0.2941,0.2942,0.2939,0.2939
809,1726257900000,0.294,0.2945,0.294,0.2943
810,1726258200000,0.2943,0.2946,0.294,0.294
811,1726258500000,0.2939,0.2944,0.2938,0.2938
812,1726258800000,0.2939,0.2944,0.2939,0.2943
813,1726259100000,0.2943,0.2946,0.2942,0.2943
814,1726259400000,0.2943,0.2946,0.2938,0.2939
815,1726259700000,0.2939,0.2941,0.2938,0.294
816,1726260000000,0.294,0.2942,0.2938,0.2939
817,1726260300000,0.2939,0.294,0.2934,0.2939
818,1726260600000,0.2938,0.294,0.2938,0.2938
819,1726260900000,0.2939,0.294,0.2933,0.2935
820,1726261200000,0.2934,0.2939,0.2932,0.2939
821,1726261500000,0.2938,0.294,0.2937,0.2938
822,1726261800000,0.2939,0.2951,0.2939,0.2945
823,1726262100000,0.2944,0.2953,0.2943,0.295
824,1726262400000,0.2949,0.295,0.2947,0.295
825,1726262700000,0.295,0.2955,0.295,0.2953
826,1726263000000,0.2953,0.2957,0.2949,0.2955
827,1726263300000,0.2955,0.2959,0.2953,0.2959
828,1726263600000,0.2958,0.2959,0.2955,0.2957
829,1726263900000,0.2957,0.2958,0.2951,0.2953
830,1726264200000,0.2952,0.2956,0.2951,0.2954
831,1726264500000,0.2954,0.2956,0.2951,0.2953
832,1726264800000,0.2953,0.2958,0.295,0.2954
833,1726265100000,0.2955,0.296,0.2952,0.2959
834,1726265400000,0.2958,0.2965,0.2955,0.2963
835,1726265700000,0.2963,0.2964,0.2958,0.2963
836,1726266000000,0.2962,0.2967,0.2958,0.2959
837,1726266300000,0.2959,0.296,0.2952,0.2952
838,1726266600000,0.2952,0.2956,0.295,0.295
839,1726266900000,0.295,0.2959,0.2949,0.2957
840,1726267200000,0.2958,0.2961,0.2956,0.2956
841,1726267500000,0.2957,0.296,0.2956,0.2958
842,1726267800000,0.2958,0.2959,0.2953,0.2955
843,1726268100000,0.2955,0.2958,0.2954,0.2958
844,1726268400000,0.2959,0.296,0.2953,0.2956
845,1726268700000,0.2955,0.2956,0.2948,0.295
846,1726269000000,0.2949,0.2953,0.2944,0.2944
847,1726269300000,0.2945,0.2948,0.2945,0.2946
848,1726269600000,0.2946,0.2949,0.2943,0.2946
849,1726269900000,0.2946,0.2948,0.2944,0.2945
850,1726270200000,0.2944,0.2947,0.2944,0.2946
851,1726270500000,0.2946,0.2946,0.2943,0.2943
852,1726270800000,0.2944,0.2944,0.2937,0.2937
853,1726271100000,0.2938,0.2949,0.2937,0.2949
854,1726271400000,0.2949,0.2951,0.2948,0.2949
855,1726271700000,0.2949,0.2952,0.2949,0.2949
856,1726272000000,0.2949,0.2954,0.2946,0.2952
857,1726272300000,0.2951,0.2954,0.2949,0.2951
858,1726272600000,0.2951,0.2956,0.2951,0.2951
859,1726272900000,0.2951,0.2958,0.2951,0.2954
860,1726273200000,0.2955,0.2957,0.2951,0.2953
861,1726273500000,0.2953,0.2954,0.295,0.295
862,1726273800000,0.2949,0.295,0.2941,0.2944
863,1726274100000,0.2944,0.2944,0.2939,0.2939
864,1726274400000,0.2939,0.2944,0.2939,0.2944
865,1726274700000,0.2943,0.2945,0.2941,0.2942
866,1726275000000,0.2942,0.2946,0.2941,0.2944
867,1726275300000,0.2944,0.2947,0.2943,0.2947
868,1726275600000,0.2947,0.2956,0.2947,0.2954
869,1726275900000,0.2954,0.2958,0.2954,0.2956
870,1726276200000,0.2956,0.2956,0.2953,0.2954
871,1726276500000,0.2953,0.2955,0.2952,0.2954
872,1726276800000,0.2954,0.2957,0.2953,0.2954
873,1726277100000,0.2954,0.2958,0.2954,0.2956
874,1726277400000,0.2956,0.2956,0.295,0.295
875,1726277700000,0.295,0.2954,0.2949,0.2953
876,1726278000000,0.2953,0.2956,0.2953,0.2955
877,1726278300000,0.2954,0.2956,0.2951,0.2956
878,1726278600000,0.2957,0.2957,0.2952,0.2953
879,1726278900000,0.2953,0.2956,0.2953,0.2953
880,1726279200000,0.2954,0.2957,0.2953,0.2956
881,1726279500000,0.2956,0.2957,0.2952,0.2957
882,1726279800000,0.2956,0.2959,0.2955,0.2959
883,1726280100000,0.2959,0.296,0.2954,0.2956
884,1726280400000,0.2955,0.2956,0.2953,0.2955
885,1726280700000,0.2955,0.2958,0.2953,0.2957
886,1726281000000,0.2956,0.2958,0.2954,0.2954
887,1726281300000,0.2954,0.2955,0.2951,0.2951
888,1726281600000,0.2951,0.2954,0.2951,0.2951
889,1726281900000,0.2951,0.2953,0.2944,0.2945
890,1726282200000,0.2945,0.2945,0.2937,0.2938
891,1726282500000,0.2938,0.2939,0.2933,0.2933
892,1726282800000,0.2933,0.2943,0.2933,0.2942
893,1726283100000,0.2942,0.2948,0.2942,0.2943
894,1726283400000,0.2943,0.2949,0.2943,0.2948
895,1726283700000,0.2949,0.2949,0.2946,0.2947
896,1726284000000,0.2947,0.2952,0.2945,0.2949
897,1726284300000,0.2949,0.2952,0.2946,0.2946
898,1726284600000,0.2946,0.2949,0.2942,0.2942
899,1726284900000,0.2942,0.2946,0.294,0.2943
900,1726285200000,0.2942,0.298,0.2941,0.2979
901,1726285500000,0.2979,0.2986,0.2976,0.2981
902,1726285800000,0.298,0.2989,0.298,0.2989
903,1726286100000,0.2989,0.2994,0.2982,0.2984
904,1726286400000,0.2985,0.2987,0.2974,0.2976
905,1726286700000,0.2976,0.2981,0.2971,0.2979
906,1726287000000,0.2979,0.2981,0.2978,0.2981
907,1726287300000,0.298,0.2985,0.298,0.298
908,1726287600000,0.2981,0.2986,0.298,0.2985
909,1726287900000,0.2985,0.2986,0.2984,0.2984
910,1726288200000,0.2984,0.2987,0.2983,0.2985
911,1726288500000,0.2984,0.2986,0.2982,0.2984
912,1726288800000,0.2984,0.2985,0.2971,0.2972
913,1726289100000,0.2972,0.298,0.297,0.298
914,1726289400000,0.2979,0.2981,0.2973,0.2973
915,1726289700000,0.2973,0.2973,0.2971,0.2972
916,1726290000000,0.2973,0.2976,0.2972,0.2976
917,1726290300000,0.2976,0.2976,0.2973,0.2973
918,1726290600000,0.2973,0.2976,0.2972,0.2973
919,1726290900000,0.2973,0.2973,0.2957,0.2958
920,1726291200000,0.2958,0.2958,0.2951,0.2952
921,1726291500000,0.2952,0.2952,0.2948,0.2949
922,1726291800000,0.295,0.2951,0.2945,0.2945
923,1726292100000,0.2945,0.295,0.2945,0.2949
924,1726292400000,0.2949,0.295,0.2945,0.295
925,1726292700000,0.2949,0.2949,0.2946,0.2946
926,1726293000000,0.2946,0.2946,0.2938,0.2938
927,1726293300000,0.2938,0.2942,0.2933,0.2934
928,1726293600000,0.2934,0.2944,0.2934,0.2942
929,1726293900000,0.2943,0.2949,0.2943,0.2947
930,1726294200000,0.2947,0.2948,0.2942,0.2943
931,1726294500000,0.2943,0.2946,0.2941,0.2941
932,1726294800000,0.2941,0.2944,0.2938,0.2939
933,1726295100000,0.294,0.2942,0.2937,0.2938
934,1726295400000,0.2937,0.294,0.2937,0.2937
935,1726295700000,0.2937,0.2939,0.2931,0.2933
936,1726296000000,0.2932,0.294,0.2928,0.294
937,1726296300000,0.294,0.2947,0.2939,0.2943
938,1726296600000,0.2943,0.2946,0.2943,0.2945
939,1726296900000,0.2945,0.2945,0.294,0.2943
940,1726297200000,0.2943,0.2943,0.2939,0.2939
941,1726297500000,0.2939,0.294,0.2932,0.2933
942,1726297800000,0.2933,0.2947,0.2931,0.2945
943,1726298100000,0.2945,0.2949,0.2936,0.2938
944,1726298400000,0.2938,0.2941,0.2938,0.294
945,1726298700000,0.294,0.2945,0.2939,0.2944
946,1726299000000,0.2943,0.2947,0.2943,0.2946
947,1726299300000,0.2946,0.2951,0.2942,0.2942
948,1726299600000,0.2942,0.2944,0.294,0.2943
949,1726299900000,0.2942,0.2946,0.2941,0.2943
950,1726300200000,0.2943,0.2944,0.2941,0.2941
951,1726300500000,0.2942,0.2944,0.2937,0.2938
952,1726300800000,0.2939,0.294,0.2937,0.2939
953,1726301100000,0.2938,0.2941,0.2936,0.2936
954,1726301400000,0.2936,0.2943,0.2936,0.294
955,1726301700000,0.294,0.2944,0.294,0.2943
956,1726302000000,0.2943,0.2944,0.2942,0.2943
957,1726302300000,0.2943,0.2943,0.2936,0.2937
958,1726302600000,0.2937,0.2939,0.2935,0.2936
959,1726302900000,0.2937,0.2939,0.2934,0.2934
960,1726303200000,0.2934,0.2935,0.2929,0.2931
961,1726303500000,0.2931,0.2931,0.2924,0.2926
962,1726303800000,0.2926,0.2929,0.2926,0.2928
963,1726304100000,0.2929,0.2929,0.2921,0.2921
964,1726304400000,0.2921,0.2931,0.2921,0.2931
965,1726304700000,0.2931,0.2936,0.293,0.2934
966,1726305000000,0.2934,0.2936,0.2934,0.2934
967,1726305300000,0.2934,0.2934,0.2931,0.2932
968,1726305600000,0.2931,0.2931,0.2926,0.2927
969,1726305900000,0.2927,0.2927,0.2925,0.2927
970,1726306200000,0.2927,0.2929,0.2923,0.2924
971,1726306500000,0.2924,0.2929,0.2924,0.2928
972,1726306800000,0.2927,0.293,0.2925,0.2926
973,1726307100000,0.2926,0.2926,0.2917,0.2921
974,1726307400000,0.2922,0.2929,0.2922,0.2929
975,1726307700000,0.2929,0.2932,0.2929,0.2932
976,1726308000000,0.293,0.293,0.2923,0.2924
977,1726308300000,0.2923,0.2926,0.2922,0.2923
978,1726308600000,0.2923,0.2923,0.2915,0.2918
979,1726308900000,0.2917,0.292,0.2914,0.2919
980,1726309200000,0.2919,0.292,0.2917,0.2917
981,1726309500000,0.2917,0.2924,0.2917,0.2924
982,1726309800000,0.2923,0.2923,0.2917,0.2921
983,1726310100000,0.2921,0.2926,0.2921,0.2926
984,1726310400000,0.2925,0.2926,0.2923,0.2923
985,1726310700000,0.2922,0.2922,0.2917,0.2918
986,1726311000000,0.2918,0.292,0.2916,0.2918
987,1726311300000,0.2917,0.2923,0.2915,0.2922
988,1726311600000,0.2922,0.2922,0.2916,0.2916
989,1726311900000,0.2915,0.2917,0.2912,0.2912
990,1726312200000,0.2913,0.2913,0.2901,0.2905
991,1726312500000,0.2904,0.2911,0.2903,0.291
992,1726312800000,0.2911,0.2911,0.2902,0.2902
993,1726313100000,0.2902,0.2908,0.2902,0.2905
994,1726313400000,0.2906,0.291,0.2904,0.2905
995,1726313700000,0.2905,0.2906,0.2903,0.2904
996,1726314000000,0.2905,0.2905,0.2891,0.2894
997,1726314300000,0.2894,0.2895,0.2888,0.289
998,1726314600000,0.289,0.2899,0.289,0.2899
999,1726314900000,0.29,0.2902,0.2898,0.2901
